[
{
    "id": 1,
    "title": "Samsung S10",
    "brand": "samsung",
    "desc": "this is a brand company",
    "Price": 23500,
    "Product img": "https://www.google.com/url?sa=i&url=https%3A%2F%2Fwww.mega.pk%2Fmobiles_products%2F18464%2FSamsung-Galaxy-S10-Plus-8GB-RAM-512GB-Storage.html&psig=AOvVaw20ybNDQopKVT4vcKzDhVnd&ust=1690270463258000&source=images&cd=vfe&opi=89978449&ved=2ahUKEwj2nMil6qaAAxXyricCHUsuAeEQr4kDegUIARC1Ag"
},
    {
    "id": 2,
    "title": "Samsung S7",
    "brand": "samsung",
    "desc": "this is a brand company",
    "Price": 23800,
    "Product img": "https://www.google.com/url?sa=i&url=https%3A%2F%2Fwww.alloallo.com%2Fpk%2Frefurbished-samsung%2Fgalaxy-s7-edge%2Fgold-32-gb%2F&psig=AOvVaw21DhqT8Y3oCGvJR4tVPFWy&ust=1690266586153000&source=images&cd=vfe&opi=89978449&ved=2ahUKEwjtwejs26aAAxW8kScCHfxSCxgQr4kDegUIARDrAQ"
},
{
    "id": 3,
    "title": "Samsung S11",
    "brand": "samsung",
    "desc": "this is a brand company",
    "Price": 23800,
    "Product img": "https://www.google.com/url?sa=i&url=https%3A%2F%2Fphoneaqua.com%2Fsamsung-galaxy-s11-price-in-pakistan&psig=AOvVaw1YatqQwntZ8Xi_6Z9xoBWv&ust=1690266736437000&source=images&cd=vfe&opi=89978449&ved=2ahUKEwiDkL203KaAAxXTnCcCHfhyBYwQr4kDegUIARDxAQ"
},
{
    "id": 4,
    "title": "Samsung S10",
    "brand": "samsung",
    "desc": "this is a brand company",
    "Price": 25000,
    "Product img": "https://www.google.com/url?sa=i&url=https%3A%2F%2Fvmart.pk%2Fproduct%2Fsamsung-galaxy-s5-mini-duos-pakistan%2F&psig=AOvVaw22DN6_GOUbTn42hlnVHOg5&ust=1690266771232000&source=images&cd=vfe&opi=89978449&ved=2ahUKEwj_6ojF3KaAAxWtmicCHaTMDAcQr4kDegUIARCAAg"
}
]